<?xml version="1.0" encoding="UTF-8"?>
<project-private xmlns="http://www.netbeans.org/ns/project-private/1">
    <editor-bookmarks xmlns="http://www.netbeans.org/ns/editor-bookmarks/2" lastBookmarkId="0"/>
    <open-files xmlns="http://www.netbeans.org/ns/projectui-open-files/2">
        <group>
            <file>file:/C:/Users/User/Documents/NetBeansProjects/Digital%20Office%20Management%20System/Digital_Office_Management_System/src/digital_office_management_system/MyConnection.java</file>
            <file>file:/C:/Users/User/Documents/NetBeansProjects/Digital%20Office%20Management%20System/Digital_Office_Management_System/src/digital_office_management_system/Signup_form.java</file>
            <file>file:/C:/Users/User/Documents/NetBeansProjects/Digital%20Office%20Management%20System/Digital_Office_Management_System/src/digital_office_management_system/AdminHomePage.java</file>
            <file>file:/C:/Users/User/Documents/NetBeansProjects/Digital%20Office%20Management%20System/Digital_Office_Management_System/src/digital_office_management_system/AdminOrStaff_form.java</file>
            <file>file:/C:/Users/User/Documents/NetBeansProjects/Digital%20Office%20Management%20System/Digital_Office_Management_System/src/digital_office_management_system/AdminLogin_form.java</file>
            <file>file:/C:/Users/User/Documents/NetBeansProjects/Digital%20Office%20Management%20System/Digital_Office_Management_System/src/digital_office_management_system/Digital_Office_Management_System.java</file>
            <file>file:/C:/Users/User/Documents/NetBeansProjects/Digital%20Office%20Management%20System/Digital_Office_Management_System/src/digital_office_management_system/HomePage_form.java</file>
            <file>file:/C:/Users/User/Documents/NetBeansProjects/Digital%20Office%20Management%20System/Digital_Office_Management_System/src/digital_office_management_system/Login_form.java</file>
        </group>
    </open-files>
</project-private>
